<?xml version="1.0" encoding="UTF-8"?>
<!DOCTYPE mapper PUBLIC "-//mybatis.org//DTD Mapper 3.0//EN" "http://mybatis.org/dtd/mybatis-3-mapper.dtd">
<mapper namespace="com.pcwk.ehr.mapper.UserMapper">
    
    
    <select id="yearMemberCount" resultType="LevelPerMember">
		SELECT TO_CHAR(reg_dt,'YYYY') as year
		FROM member
		GROUP BY TO_CHAR(reg_dt,'YYYY') 
		ORDER BY 1 DESC    
    </select>
    
    <select id="levelPerMemberCount" parameterType="LevelPerMember"
    resultType="LevelPerMember">
		SELECT #{year}        as year,
		       t2.det_code_nm as levelName,
		       COUNT(*)       as count
		  FROM member t1
		 INNER JOIN code t2
		    ON t1.u_level  = t2.det_code
		   AND t2.mst_code = 'MEMBER_LEVEL'
		 WHERE #{year}     = TO_CHAR(t1.reg_dt,'YYYY') 
		 GROUP BY t2.det_code_nm    
    </select>
    
    <select id="idDuplicateCheck" parameterType="User" resultType="int">
		SELECT COUNT(*)
		FROM member
		WHERE user_id = #{userId}
    </select>

    <insert id="multipleSave">    
        INSERT INTO member
        SELECT 'james_'||LPAD(ROWNUM,7,0),
               '상무'||LPAD(ROWNUM,7,0),
               '4321',
               TO_CHAR(SYSDATE-ROWNUM/24,'YYYY/MM/DD'),
               DECODE(MOD(ROWNUM,3),1,1,2,2,3),
               DECODE(MOD(ROWNUM,10),0,9,1),
               DECODE(MOD(ROWNUM,100),0,9,1),
               'jamesol'||LPAD(ROWNUM,7,0)||'@paran.com',
                SYSDATE-ROWNUM/24
        FROM dual
        CONNECT BY LEVEL <![CDATA[ <=100000  ]]>      
    </insert>
    
    <sql id="doRetrieveWhere">
        <where>
            <choose>
             <when test="searchDiv !=null and searchDiv == '10'">
                  user_id LIKE #{searchWord} ||'%' 
             </when>
            
             <when test="searchDiv !=null and searchDiv == '20'">
                  name LIKE  #{searchWord} ||'%'
             </when>
            
             <when test="searchDiv !=null and searchDiv == '30'">
                  email LIKE  #{searchWord} ||'%'
             </when>                
             <when test="searchDiv !=null and searchDiv == '40'">
                  birthday LIKE  #{searchWord} ||'%'
             </when>                    
            </choose>
        </where>     
    </sql>
    
    <select  id="doRetrieve" parameterType="com.pcwk.ehr.cmn.Search"
     resultType="User"
    >
     
     SELECT A.*,B.*                                                                       
     FROM (                                                                               
         SELECT TT1.rnum as no,                                                           
                TT1.user_id as userId,                                                              
                TT1.name,                                                                 
                TT1.password,                                                             
                TT1.birthday,                                                             
                DECODE(TT1.u_level,1,'BASIC',2,'SILVER',3,'GOLD') "level" ,                                                              
                TT1.login,                                                                
                TT1.recommend,                                                            
                TT1.email,                                                                
                DECODE( TO_CHAR(TT1.reg_dt,'YYYYMMDD'), TO_CHAR(SYSDATE,'YYYYMMDD'),      
                         TO_CHAR(TT1.reg_dt,'HH24:MI'),TO_CHAR(TT1.reg_dt,'YYYY/MM/DD')   
                 ) AS regDt                                                              
         FROM (                                                                           
             SELECT ROWNUM AS rnum, T1.*                                                  
             FROM (                                                                       
                 SELECT *                                                                 
                   FROM member                          
                   <include refid="doRetrieveWhere"></include>                             
                  ORDER BY reg_dt DESC                                                    
             )T1                                                                          
             WHERE ROWNUM <![CDATA[ <= (#{pageSize} * (#{pageNo} -1)+#{pageSize})   ]]>                                                        
         )TT1                                                                             
         WHERE TT1.rnum <![CDATA[ >= (#{pageSize} * (#{pageNo} -1)+1)      ]]>                                                              
     )A                                                                                   
     CROSS JOIN                                                                           
     (                                                                                    
         SELECT COUNT(*) totalCnt                                                         
           FROM member                                                                    
           <include refid="doRetrieveWhere"></include>                                                                 
     )B                                                                                   
        
    </select>
    
    <select id="getAll" resultType="User">
      SELECT                                           
         user_id as userId,                                      
         name,                                         
         password,                                     
         birthday,                                     
         DECODE(u_level,1,'BASIC',2,'SILVER',3,'GOLD') "level",                                      
         login,                                        
         recommend,                                    
         email,                                        
         TO_CHAR(reg_dt,'YYYY-MM-DD HH24:MI:SS') regDt
     FROM                                              
         member                                        
        ORDER BY  user_id                                     
    </select>
    
    <update id="doUpdate" parameterType="User">
         UPDATE member             
         SET                       
             name       = #{name},     
             password   = #{password},     
             birthday   = #{birthday},     
             u_level    = DECODE( #{level},'BASIC' ,1 
                                 ,'SILVER',2
                                 ,'GOLD'  ,3),     
             login      = #{login},     
             recommend  = #{recommend},     
             email      = #{email},     
             reg_dt     = SYSDATE  
         WHERE                     
                user_id = #{userId}     
    </update>
    
    <select id="doSelectOne" parameterType="string" resultType="User">
      SELECT                                    
         user_id as userId,                                      
         name,                                         
         password,                                     
         birthday,                             
         DECODE(u_level,1,'BASIC',2,'SILVER',3,'GOLD') "level",                                      
         login,                                        
         recommend,                                    
         email,                                        
         TO_CHAR(reg_dt,'YYYY-MM-DD HH24:MI:SS') regDt
     FROM                                              
         member                                        
     WHERE user_id = #{userId}                                 
    
    </select>
    
    <select id="getCount" parameterType="User" resultType="int">
      SELECT COUNT(*) cnt
        FROM member
    </select>


    <delete id="doDelete" >
       DELETE FROM member
       WHERE user_id = #{userId}
    </delete>

    <delete id="deleteAll" >
       DELETE FROM member
    </delete>
    
    
    <insert id="doSave" parameterType="User" >
         INSERT INTO member (
             user_id,        
             name,           
             password,       
             birthday,       
             u_level,        
             login,          
             recommend,      
             email,          
             reg_dt          
         ) VALUES (          
             #{userId},            
             #{name},            
             #{password},            
             #{birthday},            
             DECODE( #{level},'BASIC' ,1 
                             ,'SILVER',2
                             ,'GOLD'  ,3),            
             #{login},            
             #{recommend},            
             #{email},            
             SYSDATE         
         )          
    </insert>


</mapper>