<?xml version="1.0" encoding="UTF-8"?>
<project xmlns="http://maven.apache.org/POM/4.0.0" xmlns:xsi="http://www.w3.org/2001/XMLSchema-instance"
	xsi:schemaLocation="http://maven.apache.org/POM/4.0.0 https://maven.apache.org/maven-v4_0_0.xsd">
	<modelVersion>4.0.0</modelVersion>
	<groupId>com.pcwk</groupId>
	<artifactId>ehr</artifactId>
	<name>sh22_web</name>
	<packaging>war</packaging>
	<version>1.0.0-BUILD-SNAPSHOT</version>
    <properties>
        <project.build.sourceEncoding>UTF-8</project.build.sourceEncoding>
        <maven.compiler.source>1.8</maven.compiler.source>
        <maven.compiler.target>1.8</maven.compiler.target>
        <java-version>1.8</java-version>
        <org.springframework-version>5.3.37</org.springframework-version>
        <org.aspectj-version>1.8.13</org.aspectj-version>
        <log4j-core-version>2.20.0</log4j-core-version>
        <org.slf4j-version>1.6.6</org.slf4j-version>

        <mybatis-version>3.5.11</mybatis-version>
        <mybatis-spring-version>2.1.2</mybatis-spring-version>
        <gson-version>2.10.1</gson-version>
        <mail-version>1.4.7</mail-version>

        <ojdbc8-version>19.3.0.0</ojdbc8-version>
        <HikariCP-version>4.0.3</HikariCP-version>
        <log-prettier-version>1.16</log-prettier-version>
        <junit-jupiter-version>5.7.0</junit-jupiter-version>
        <aspectjweaver-version>1.9.22</aspectjweaver-version>

        <junit-version>4.13</junit-version>
        <jstl-version>1.2</jstl-version>
        <jsp-api-version>2.1</jsp-api-version>
        <servlet-api-version>2.5</servlet-api-version>
        <javax.servlet-api-version>3.1.0</javax.servlet-api-version>
        <mockito-all-version>1.10.19</mockito-all-version>
        <jackson-databind-version>2.17.1</jackson-databind-version>
        <commonmark-version>0.18.2</commonmark-version>
        <lombok-version>1.18.34</lombok-version>
        <commons-fileupload-version>1.5</commons-fileupload-version>
    </properties>
    <dependencies>
	<!-- https://mvnrepository.com/artifact/commons-fileupload/commons-fileupload -->
	<dependency>
		<groupId>commons-fileupload</groupId>
		<artifactId>commons-fileupload</artifactId>
		<version>${commons-fileupload-version}</version>  
	</dependency>

        <!-- https://mvnrepository.com/artifact/org.projectlombok/lombok -->
        <dependency>
            <groupId>org.projectlombok</groupId>
            <artifactId>lombok</artifactId>
            <version>${lombok-version}</version>
            <scope>provided</scope>
        </dependency>
        <!-- https://mvnrepository.com/artifact/org.commonmark/commonmark -->
        <dependency>
            <groupId>org.commonmark</groupId>
            <artifactId>commonmark</artifactId>
            <version>${commonmark-version}</version>
        </dependency>


        <!-- https://mvnrepository.com/artifact/com.fasterxml.jackson.core/jackson-databind -->
        <dependency>
            <groupId>com.fasterxml.jackson.core</groupId>
            <artifactId>jackson-databind</artifactId>
            <version>${jackson-databind-version}</version>
        </dependency>

        <dependency>
            <groupId>javax.servlet</groupId>
            <artifactId>javax.servlet-api</artifactId>
            <version>${javax.servlet-api-version}</version>
            <scope>provided</scope>
        </dependency>


        <!-- https://mvnrepository.com/artifact/org.mockito/mockito-all -->
        <dependency>
            <groupId>org.mockito</groupId>
            <artifactId>mockito-all</artifactId>
            <version>${mockito-all-version}</version>
            <scope>test</scope>
        </dependency>
        <!-- https://mvnrepository.com/artifact/org.aspectj/aspectjweaver -->
        <dependency>
            <groupId>org.aspectj</groupId>
            <artifactId>aspectjweaver</artifactId>
            <version>${aspectjweaver-version}</version>
            <scope>runtime</scope>
        </dependency>
        <dependency>
            <groupId>org.springframework</groupId>
            <artifactId>spring-test</artifactId>
            <version>${org.springframework-version}</version>
            <scope>test</scope>
        </dependency>
        <!-- https://mvnrepository.com/artifact/org.springframework/spring-jdbc -->
        <dependency>
            <groupId>org.springframework</groupId>
            <artifactId>spring-jdbc</artifactId>
            <version>${org.springframework-version}</version>
        </dependency>

        <dependency>
            <groupId>org.junit.jupiter</groupId>
            <artifactId>junit-jupiter</artifactId>
            <version>${junit-jupiter-version}</version>
            <scope>test</scope>
        </dependency>

        <!-- https://mvnrepository.com/artifact/org.junit.jupiter/junit-jupiter-engine -->
        <dependency>
            <groupId>org.junit.jupiter</groupId>
            <artifactId>junit-jupiter-engine</artifactId>
            <version>${junit-jupiter-version}</version>
            <scope>test</scope>
        </dependency>

        <dependency> <!-- JUnit 4.xxx -->
            <groupId>org.junit.vintage</groupId>
            <artifactId>junit-vintage-engine</artifactId>
            <version>${junit-jupiter-version}</version>
            <scope>test</scope>
        </dependency>

        <dependency>
            <groupId>org.bgee.log4jdbc-log4j2</groupId>
            <artifactId>log4jdbc-log4j2-jdbc4</artifactId>
            <version>${log-prettier-version}</version>
        </dependency>
        <!-- https://mvnrepository.com/artifact/com.zaxxer/HikariCP -->
        <dependency>
            <groupId>com.zaxxer</groupId>
            <artifactId>HikariCP</artifactId>
            <version>${HikariCP-version}</version>
        </dependency>
        <!-- https://mvnrepository.com/artifact/com.oracle.database.jdbc/ojdbc8 -->
        <dependency>
            <groupId>com.oracle.database.jdbc</groupId>
            <artifactId>ojdbc8</artifactId>
            <version>${ojdbc8-version}</version>
        </dependency>
        <!-- https://mvnrepository.com/artifact/javax.mail/mail -->
        <dependency>
            <groupId>javax.mail</groupId>
            <artifactId>mail</artifactId>
            <version>${mail-version}</version>
        </dependency>
        <!-- https://mvnrepository.com/artifact/org.springframework/spring-context-support -->
        <dependency>
            <groupId>org.springframework</groupId>
            <artifactId>spring-context-support</artifactId>
            <version>${org.springframework-version}</version>
        </dependency>
        <!-- https://mvnrepository.com/artifact/com.google.code.gson/gson -->
        <dependency>
            <groupId>com.google.code.gson</groupId>
            <artifactId>gson</artifactId>
            <version>${gson-version}</version>
        </dependency>
        <!-- https://mvnrepository.com/artifact/org.mybatis/mybatis -->
        <dependency>
            <groupId>org.mybatis</groupId>
            <artifactId>mybatis</artifactId>
            <version>${mybatis-version}</version>
        </dependency>
        <!-- https://mvnrepository.com/artifact/org.mybatis/mybatis-spring -->
        <dependency>
            <groupId>org.mybatis</groupId>
            <artifactId>mybatis-spring</artifactId>
            <version>${mybatis-spring-version}</version>
        </dependency>
        <!-- https://mvnrepository.com/artifact/org.apache.logging.log4j/log4j-core -->
        <dependency>
            <groupId>org.apache.logging.log4j</groupId>
            <artifactId>log4j-core</artifactId>
            <version>${log4j-core-version}</version>
        </dependency>
        <!-- Spring -->
        <dependency>
            <groupId>org.springframework</groupId>
            <artifactId>spring-context</artifactId>
            <version>${org.springframework-version}</version>
            <exclusions>
                <!-- Exclude Commons Logging in favor of SLF4j -->
                <exclusion>
                    <groupId>commons-logging</groupId>
                    <artifactId>commons-logging</artifactId>
                </exclusion>
            </exclusions>
        </dependency>
        <dependency>
            <groupId>org.springframework</groupId>
            <artifactId>spring-webmvc</artifactId>
            <version>${org.springframework-version}</version>
        </dependency>

        <!-- AspectJ -->
        <dependency>
            <groupId>org.aspectj</groupId>
            <artifactId>aspectjrt</artifactId>
            <version>${org.aspectj-version}</version>
        </dependency>

        <!-- Logging -->
        <dependency>
            <groupId>org.slf4j</groupId>
            <artifactId>slf4j-api</artifactId>
            <version>${org.slf4j-version}</version>
        </dependency>
        <dependency>
            <groupId>org.slf4j</groupId>
            <artifactId>jcl-over-slf4j</artifactId>
            <version>${org.slf4j-version}</version>
            <scope>runtime</scope>
        </dependency>
        <dependency>
            <groupId>org.slf4j</groupId>
            <artifactId>slf4j-log4j12</artifactId>
            <version>${org.slf4j-version}</version>
            <scope>runtime</scope>
        </dependency>
        <dependency>
            <groupId>log4j</groupId>
            <artifactId>log4j</artifactId>
            <version>1.2.15</version>
            <exclusions>
                <exclusion>
                    <groupId>javax.mail</groupId>
                    <artifactId>mail</artifactId>
                </exclusion>
                <exclusion>
                    <groupId>javax.jms</groupId>
                    <artifactId>jms</artifactId>
                </exclusion>
                <exclusion>
                    <groupId>com.sun.jdmk</groupId>
                    <artifactId>jmxtools</artifactId>
                </exclusion>
                <exclusion>
                    <groupId>com.sun.jmx</groupId>
                    <artifactId>jmxri</artifactId>
                </exclusion>
            </exclusions>
            <scope>runtime</scope>
        </dependency>

        <!-- @Inject -->
        <dependency>
            <groupId>javax.inject</groupId>
            <artifactId>javax.inject</artifactId>
            <version>1</version>
        </dependency>

        <!-- Servlet -->
        <dependency>
            <groupId>javax.servlet</groupId>
            <artifactId>servlet-api</artifactId>
            <version>${servlet-api-version}</version>
            <scope>provided</scope>
        </dependency>
        <dependency>
            <groupId>javax.servlet.jsp</groupId>
            <artifactId>jsp-api</artifactId>
            <version>${jsp-api-version}</version>
            <scope>provided</scope>
        </dependency>
        <dependency>
            <groupId>javax.servlet</groupId>
            <artifactId>jstl</artifactId>
            <version>${jstl-version}</version>
        </dependency>

        <!-- Test -->
        <dependency>
            <groupId>junit</groupId>
            <artifactId>junit</artifactId>
            <version>${junit-version}</version>
            <scope>test</scope>
        </dependency>
    </dependencies>
    <build>
        <plugins>
            <plugin>
                <artifactId>maven-eclipse-plugin</artifactId>
                <version>2.9</version>
                <configuration>
                    <additionalProjectnatures>
                        <projectnature>org.springframework.ide.eclipse.core.springnature</projectnature>
                    </additionalProjectnatures>
                    <additionalBuildcommands>
                        <buildcommand>org.springframework.ide.eclipse.core.springbuilder</buildcommand>
                    </additionalBuildcommands>
                    <downloadSources>true</downloadSources>
                    <downloadJavadocs>true</downloadJavadocs>
                </configuration>
            </plugin>
            <plugin>
                <groupId>org.apache.maven.plugins</groupId>
                <artifactId>maven-compiler-plugin</artifactId>
                <version>2.5.1</version>
                <configuration>
                    <source>${java-version}</source>
                    <target>${java-version}</target>
                    <compilerArgument>-Xlint:all</compilerArgument>
                    <showWarnings>true</showWarnings>
                    <showDeprecation>true</showDeprecation>
                </configuration>
            </plugin>
            <plugin>
                <groupId>org.codehaus.mojo</groupId>
                <artifactId>exec-maven-plugin</artifactId>
                <version>1.2.1</version>
                <configuration>
                    <mainClass>org.test.int1.Main</mainClass>
                </configuration>
            </plugin>
        </plugins>
    </build>
</project>
